Data_Exportacao,Tipo_Busca,Total_Resultados,Filtros_Aplicados,People/PEOP,Status_Loja,LOJAS,CODIGO,ENDEREÇO,BAIRRO,CIDADE,UF,CEP,TELEFONE1,TELEFONE2,CELULAR,E_MAIL,2ª_a_6ª,SAB,DOM,FUNC.,VD_NOVO,NOME_GGL,NOME_GR
2025-07-16 20:49:42,GGL e GR,213.0,"{'status': '', 'cidade': '', 'ordenacao': 'nome A-Z'}",,,,,,,,,,,,,,,,,,,,
,,,,VD218,ATIVA,DSP ABILIO SOARES,218.0,"RUA ABILIO SOARES, 782",PARAISO,SAO PAULO,SP,04005-003,(11)3051-5653,3051-5670,(11)94158-8555,asoares@dpsp.com.br,24 HORAS,24 HORAS,24 HORAS,24 HORAS,-,FABIO FREITAS,OLIVEIRA JUNIOR
,,,,VD133,ATIVA,DSP ABRAAO DE MORAES,133.0,"R. ELISA SILVEIRA, 57",JD. DA SAUDE,SAO PAULO,SP,04152-000,(11)5585-2472,(11)50710086,(11)91038-7503,amoraes@dpsp.com.br,24 HORAS,24 HORAS,24 HORAS,24 HORAS,-,ANDRE RAMOS,OLIVEIRA JUNIOR
,,,,VD110,ATIVA,DSP ACLIMACAO,110.0,"AV. ACLIMACAO, 712",ACLIMACAO,SAO PAULO,SP,01531-000,(11)3208-8545,(11)3208-2906,(11)96478-2342,aclimacao@dpsp.com.br,24 HORAS,24 HORAS,24 HORAS,24 HORAS,-,VANESSA FILIPE,OLIVEIRA JUNIOR
,,,,L2002,ATIVA,DSP ACLIMACAO II,2002.0,"RUA PEDRA AZUL, 607",ACLIMAÇÃO,SAO PAULO,SP,04109-000,(11)5539-6595,5908-1650,(11)97304-5305,aclimacao2@dpsp.com.br,07 ÀS 23,07 ÀS 23,07 ÀS 23,DOMINGOS E FERIADOS,-,VANESSA FILIPE,OLIVEIRA JUNIOR
,,,,L2048,ATIVA,DSP ACLIMACAO III,2048.0,"RUA ALMEIDA TORRES, 150",ACLIMAÇAO,SAO PAULO,SP,01530-010,(11)3275-7998,3275-7999,(11)97247-4937,aclimacao3@dpsp.com.br,07 ÀS 23,07 ÀS 23,07 ÀS 23,DOMINGOS E FERIADOS,-,VANESSA FILIPE,OLIVEIRA JUNIOR
,,,,VD735,ATIVA,DSP AFONSO CELSO,735.0,"R AFONSO CELSO, 1720",VILA MARIANA,SAO PAULO,SP,04119-062,(11)2305-0495,2305-0512,(11)91037-3049,afonsocelso@dpsp.com.br,07 ÀS 23,07 ÀS 23,07 ÀS 23,DOMINGOS E FERIADOS,-,ANDRE RAMOS,OLIVEIRA JUNIOR
,,,,L2025,ATIVA,DSP ALAMEDA SANTOS,2025.0,"Alameda Santos, 1102 1112",CERQUEIRA CESAR,SAO PAULO,SP,01418-100,(11)3262-2317,3171-1499,(11)95780-2942,alameda.santos@dpsp.com.br,07 ÀS 23,07 ÀS 23,07 ÀS 23,DOMINGOS E FERIADOS,-,FABIO FREITAS,OLIVEIRA JUNIOR
,,,,VD675,ATIVA,DSP ALDEIA DA SERRA,675.0,"AV DOS PASSAROS, 451, LOJA 7B/8/9 DO QUINTA DO ALDEIA M",RESIDENCIAL MORADA DOS LAGOS,BARUERI,SP,06429-222,(11)4192-4600,(11)4192-4601,(11)95571-2018,aserra@dpsp.com.br,07 ÀS 22,07 ÀS 22,07 ÀS 22,DOMINGOS E FERIADOS,-,CESAR MENDONCA - INTERINO,OLIVEIRA JUNIOR
,,,,VD076,ATIVA,DSP ALFONSO BOVERO,76.0,"AV. PROFESSOR ALFONSO BOVERO, 566",PERDIZES,SAO PAULO,SP,01254-000,(11)3672-8242,(11)3864-5152,(11)93443-2290,abovero@dpsp.com.br,07 ÀS 23,07 ÀS 23,07 ÀS 23,DOMINGOS E FERIADOS,-,CESAR MENDONCA,OLIVEIRA JUNIOR
,,,,VD426,ATIVA,DSP ALFONSO BOVERO II,426.0,"AVENIDA PROFESSOR ALFONSO BOVERO, 1289",PERDIZES,SAO PAULO,SP,05019-011,(11)2305-9459,2305-9460,(11)94214-4213,abovero2@dpsp.com.br,07 ÀS 23,07 ÀS 23,07 ÀS 23,DOMINGOS E FERIADOS,-,CESAR MENDONCA,OLIVEIRA JUNIOR
,,,,VD173,ATIVA,DSP ALPHAVILLE,173.0,"ALAMEDA RIO NEGRO, 877 LOJA 03 e 04",ALPHAVILLE,BARUERI,SP,06454-000,(11)4191-8641,(11)4191-8331,(11)93432-4945,alphaville@dpsp.com.br,24 HORAS,24 HORAS,24 HORAS,24 HORAS,-,CESAR MENDONCA - INTERINO,OLIVEIRA JUNIOR
,,,,L2140,ATIVA,DSP ALPHAVILLE CENTRO DE APOIO,2140.0,"AV YOJIRO TAKAOKA, 4528 LOJA 01 E 02",ALPHAVILLE,SANTANA DE PARNAIBA,SP,06541-038,(11)4153-1325,(11)4153-8569,(11)97340-7501,alphavillecentro@dpsp.com.br,24 HORAS,24 HORAS,24 HORAS,24 HORAS,-,CESAR MENDONCA - INTERINO,OLIVEIRA JUNIOR
,,,,VD893,ATIVA,DSP ALPHAVILLE II,893.0,"Alameda Araguaia, 451",ALPHAVILLE INDUSTRIAL,BARUERI,SP,06455-000,(11)4326-5209,(11)4326-5230,(11)97254-8373,alphaville2@dpsp.com.br,24 HORAS,24 HORAS,24 HORAS,24 HORAS,-,CESAR MENDONCA - INTERINO,OLIVEIRA JUNIOR
,,,,VD966,ATIVA,DSP ALPHAVILLE III,966.0,"AVENIDA YOJIRO TAKAOKA, 3980 Lojas 01 e 02",ALPHAVILLE,SANTANA DE PARNAIBA,SP,06541-038,(11)4153-2360,(11)4153-2388,(11)97218-6793,alphaville3@dpsp.com.br,07 ÀS 23,07 ÀS 23,07 ÀS 22,DOMINGOS E FERIADOS,-,CESAR MENDONCA - INTERINO,OLIVEIRA JUNIOR
,,,,VD983,ATIVA,DSP ALPHAVILLE IV,983.0,AVENIDA ANDROMEDA 780,ALPHAVILLE EMPRESARIAL,BARUERI,SP,06473-000,(11)4193-3954,(11)4193-3836,(11)94286-6303,alphaville4@dpsp.com.br,24 HORAS,24 HORAS,24 HORAS,24 HORAS,-,CESAR MENDONCA - INTERINO,OLIVEIRA JUNIOR
,,,,VD421,ATIVA,DSP ALPHAVILLE V,421.0,"Alameda Rio Negro, 1.286",ALPHAVILLE INDUSTRIAL,BARUERI,SP,06454-000,(11)4382-0405,(11)4382-0406,(11)96395-7632,alphaville5@dpsp.com.br,06 ÀS 23,06 ÀS 23,06 ÀS 23,DOMINGOS E FERIADOS,-,CESAR MENDONCA - INTERINO,OLIVEIRA JUNIOR
,,,,L2008,ATIVA,DSP ALPHAVILLE VI,2008.0,"Alameda Araguaia, 1645 Loja 1",ALPHAVILLE INDUSTRIAL,BARUERI,SP,06455-000,(11)4382-9667,(11)4382-9345,(11)97343-9419,alphaville6@dpsp.com.br,07 ÀS 23,07 ÀS 23,07 ÀS 23,DOMINGOS E FERIADOS,-,CESAR MENDONCA - INTERINO,OLIVEIRA JUNIOR
,,,,VD307,ATIVA,DSP ALTO DE PINHEIROS,307.0,"AV DIOGENES RIBEIRO DE LIMA, 2282 - LOJA 1",ALTO DE PINHEIROS,SAO PAULO,SP,05458-001,(11)3021-3915,3021-4105,(11)95042-7738,apinheiros@dpsp.com.br,07 ÀS 23,07 ÀS 23,07 ÀS 23,DOMINGOS E FERIADOS,-,CESAR MENDONCA,OLIVEIRA JUNIOR
,,,,VD459,ATIVA,DSP ALTO DE PINHEIROS II,459.0,"RUA NATINGUI,1220",VILA MADALENA,SAO PAULO,SP,05443-002,(11)2528-2856,2528-2958,(11)91029-5767,apinheiros2@dpsp.com.br,07 ÀS 23,07 ÀS 23,07 ÀS 23,DOMINGOS E FERIADOS,-,CESAR MENDONCA,OLIVEIRA JUNIOR
,,,,VD156,ATIVA,DSP ALTO DO IPIRANGA,156.0,"AV DR GENTIL DE MOURA, 87",IPIRANGA,SAO PAULO,SP,04278-080,(11)5061-4131,(11)5061-9632,(11)96860-4722,aipiranga@dpsp.com.br,24 HORAS,24 HORAS,24 HORAS,24 HORAS,-,ANDRE RAMOS,OLIVEIRA JUNIOR
,,,,VD256,ATIVA,DSP ANGELICA,256.0,"AV ANGELICA , 1003",SANTA CECILIA,SAO PAULO,SP,01227-100,(11)3663-0249,(11)3826-2969,(11)99591-1603,angelica@dpsp.com.br,24 HORAS,24 HORAS,24 HORAS,24 HORAS,-,BEATRIZ SOUZA,OLIVEIRA JUNIOR
,,,,VD021,ATIVA,DSP AUGUSTA,21.0,"R. AUGUSTA, 2699",CERQUEIRA  CESAR,SAO PAULO,SP,01413-100,(11)3083-0319,(11)3085-7263,(11)91039-4277,augusta@dpsp.com.br,07 ÀS 23,07 ÀS 23,07 ÀS 23,DOMINGOS E FERIADOS,-,FABIO FREITAS,OLIVEIRA JUNIOR
,,,,VD358,ATIVA,DSP AUTONOMISTAS,358.0,"AV DOS AUTONOMISTAS, 3192",CENTRO,OSASCO,SP,06090-015,(11)3682-1471,3654-2599,(11)96379-2071,autonomistas@dpsp.com.br,24 HORAS,24 HORAS,24 HORAS,24 HORAS,-,BRUNA PANHOTA,OLIVEIRA JUNIOR
,,,,L2090,ATIVA,DSP AVENIDA SAO JOAO,2090.0,"AV IPIRANGA, 855",REPÚBLICA,SAO PAULO,SP,01039-000,(11)3223-0254,3321-0400,(11)93415-1723,sao.joao@dpsp.com.br,24 HORAS,24 HORAS,24 HORAS,24 HORAS,-,VANESSA FILIPE,OLIVEIRA JUNIOR
,,,,VD658,ATIVA,DSP BANDEIRA PAULISTA,658.0,"R BANDEIRA PAULISTA , 467",ITAIM BIBI,SAO PAULO,SP,04532-011,(11)3078-8071,3073-0459,(11)97122-0696,bpaulista@dpsp.com.br,24 HORAS,24 HORAS,24 HORAS,24 HORAS,-,MARIA IRACEMA,OLIVEIRA JUNIOR
,,,,VD082,ATIVA,DSP BARAO DE JUNDIAI,82.0,"R. BARAO DE JUNDIAI, 296/300",LAPA,SAO PAULO,SP,05073-010,(11)3834-6989,(11)3831-9586,(11)93337-8770,bjundiai@dpsp.com.br,07 ÀS 23,07 ÀS 23,07 ÀS 23,DOMINGOS E FERIADOS,-,CESAR MENDONCA,OLIVEIRA JUNIOR
,,,,L2094,ATIVA,DSP BARAO DE LIMEIRA,2094.0,"AL BARAO DE LIMEIRA,668",CAMPOS ELISEOS	,SAO PAULO,SP,01202-000,-,-,(11)93422-2852,barao.limeira@dpsp.com.br,07 ÀS 23,07 ÀS 23,07 ÀS 23,DOMINGOS E FERIADOS,2552,BEATRIZ SOUZA,OLIVEIRA JUNIOR
,,,,L2486,ATIVA,DSP BARRA FUNDA,2486.0,"PC PASCOAL MARTINS,138",PQ IND TOMAS EDSON,SAO PAULO,SP,01139-060,(11) 3617-9190,(11) 3617-9191,(11)91029-5714,barra.funda@dpsp.com.br,24 HORAS,24 HORAS,24 HORAS,24 HORAS,-,BEATRIZ SOUZA,OLIVEIRA JUNIOR
,,,,VD099,ATIVA,DSP BARUERI,99.0,"AV. HENRIQUETA MENDES GUERRA, 76",VILA SAO JOAO,BARUERI,SP,06401-160,(11)4198-4175,(11)4198-7341,(11)93396-4469,barueri@dpsp.com.br,24 HORAS,24 HORAS,24 HORAS,24 HORAS,-,CESAR MENDONCA - INTERINO,OLIVEIRA JUNIOR
,,,,VD504,ATIVA,DSP BARUERI II,504.0,RUA CAMPOS SALES N 591,CENTRO,BARUERI,SP,06401-000,(11)4198-9399,(11)4198-6813,(11)96391-8471,barueri2@dpsp.com.br,24 HORAS,24 HORAS,24 HORAS,24 HORAS,-,CESAR MENDONCA - INTERINO,OLIVEIRA JUNIOR
,,,,VD619,ATIVA,DSP BARUERI III,619.0,"AV HENRIQUETA MENDES GUERRA, 486 LOJA 01",VILA SAO JOAO,BARUERI,SP,06401-160,(11)4198-2749,(11)4198-2354,(11)93433-2340,barueri3@dpsp.com.br,07 ÀS 23,07 ÀS 23,07 ÀS 23,DOMINGOS E FERIADOS,-,CESAR MENDONCA - INTERINO,OLIVEIRA JUNIOR
,,,,L2134,ATIVA,DSP BENTO DE ANDRADE,2134.0,"R BENTO DE ANDRADE, 30",JARDIM PAULISTA,SAO PAULO,SP,04503-000,(11)3887-8330 ,3885-8431,(11)94481-4336,bento.andrade@dpsp.com.br,24 HORAS,24 HORAS,24 HORAS,24 HORAS,-,MARIA IRACEMA,OLIVEIRA JUNIOR
,,,,L2099,ATIVA,DSP BERRINI II,2099.0,"AV ENG. LUIZ CARLOS BERRINI , 1264",CIDADE MONÇÕES,SAO PAULO,SP,04571-000,(11)5506-6604,(11)5507-3193,(11)93382-7422,berrini2@dpsp.com.br,06 ÀS 23,06 ÀS 23,06 ÀS 23,DOMINGOS E FERIADOS,-,ANA SANTOS,OLIVEIRA JUNIOR
,,,,L2339,ATIVA,DSP BOM PASTOR,2339.0,"RUA BOM PASTOR, 1778",IPIRANGA,SAO PAULO,SP,04203-002,(11)2060-9980,2060-9981,(11)93379-5530,bompastor@dpsp.com.br,07 ÀS 23,07 ÀS 23,07 ÀS 23,DOMINGOS E FERIADOS,-,ANDRE RAMOS,OLIVEIRA JUNIOR
,,,,VD068,ATIVA,DSP BRIGADEIRO,68.0,"AV. BRIG. LUIZ ANTONIO, 2215",BELA VISTA,SAO PAULO,SP,01317-002,(11)3287-0568,(11)3285-0741,(11)93297-9432,brigadeiro@dpsp.com.br,24 HORAS,24 HORAS,24 HORAS,24 HORAS,-,FABIO FREITAS,OLIVEIRA JUNIOR
,,,,VD036,ATIVA,DSP BROOKLIN,36.0,"AV. MORUMBI, 8796",JARDIM DAS ACACIAS,SAO PAULO,SP,04703-002,(11)5542-4760,(11)5093-5549,(11)93389-9783,brooklin@dpsp.com.br,07 ÀS 23,07 ÀS 23,07 ÀS 23,DOMINGOS E FERIADOS,-,ANA SANTOS,OLIVEIRA JUNIOR
,,,,VD224,ATIVA,DSP BROOKLIN NOVO,224.0,"RUA LUISIANIA, 107",BROOKLIN PAULISTA,SAO PAULO,SP,04560-020,(11)5532-0605,(11)5092-2743,(11)93411-4382,bnovo@dpsp.com.br,07 ÀS 23,07 ÀS 23,07 ÀS 23,DOMINGOS E FERIADOS,-,ANA SANTOS,OLIVEIRA JUNIOR
,,,,VD662,ATIVA,DSP CAJAMAR,662.0,"AV TENENTE MARQUES, 3466",PORTAL DOS IPES II,CAJAMAR,SP,07750-000,(11)4448-4901,(11)4408-6134,(11)96417-0783,cajamar@dpsp.com.br,24 HORAS,24 HORAS,24 HORAS,24 HORAS,-,CESAR MENDONCA - INTERINO,OLIVEIRA JUNIOR
,,,,VD808,ATIVA,DSP CAMBUCI,808.0,"AV LINS DE VASCONCELOS, 331",CAMBUCI,SAO PAULO,SP,01537-000,(11)3399-4418,3399-4420,(11)97202-9677,cambuci@dpsp.com.br,24 HORAS,24 HORAS,24 HORAS,24 HORAS,-,VANESSA FILIPE,OLIVEIRA JUNIOR
,,,,VD254,ATIVA,DSP CAMPO BELO II,254.0,"R OTAVIO TARQUINIO DE SOUSA, 1031",CAMPO BELO,SAO PAULO,SP,04613-002,(11)2305-4685,(11)5093-7576,(11)93413-6057,campobelo2@dpsp.com.br,07 ÀS 23,07 ÀS 23,07 ÀS 23,DOMINGOS E FERIADOS,-,ANA SANTOS,OLIVEIRA JUNIOR
,,,,VD418,ATIVA,DSP CARDOSO DE ALMEIDA,418.0,"RUA CARDOSO DE ALMEIDA , 520",PERDIZES,SAO PAULO,SP,05013-000,(11)3803-8812,(11)3672-0667,(11)95781-4626,cardosodealmeida@dpsp.com.br,24 HORAS,24 HORAS,24 HORAS,24 HORAS,-,BEATRIZ SOUZA,OLIVEIRA JUNIOR
,,,,VD962,ATIVA,DSP CERRO CORA,962.0,"RUA CERRO CORA, 472 474",VILA ROMANA,SAO PAULO,SP,05061-000,(11)2305-8352,2305-8391,(11)95065-5963,cerrocora@dpsp.com.br,07 ÀS 23,07 ÀS 23,07 ÀS 23,DOMINGOS E FERIADOS,-,CESAR MENDONCA,OLIVEIRA JUNIOR
,,,,VD198,ATIVA,DSP CHACARA KLABIN,198.0,"PC. MONTEIRO DOS SANTOS, 44",VILA MARIANA,SAO PAULO,SP,04117-095,(11)5539-7901,5539-3165,(11)99967-6337,cklabin@dpsp.com.br,24 HORAS,24 HORAS,24 HORAS,24 HORAS,-,VANESSA FILIPE,OLIVEIRA JUNIOR
,,,,VD169,ATIVA,DSP CHACARA SANTO ANTONIO,169.0,R. AMERICO BRASILIENSE 1842/1844,CHACARA STO. ANTONIO,SAO PAULO,SP,04715-004,(11)5183-4761,(11)5183-4746,(11)94103-0173,csantonio@dpsp.com.br,07 ÀS 23,07 ÀS 23,07 ÀS 23,DOMINGOS E FERIADOS,-,ANA SANTOS,OLIVEIRA JUNIOR
,,,,VD491,ATIVA,DSP CHACARA SANTO ANTONIO II,491.0,"R ALEXANDRE DUMAS,935",CH ST ANTONIO (ZONA SUL),SAO PAULO,SP,04717-001,(11)5182-7130,(11)5181-1434,(11)94103-0932,csantonio2@dpsp.com.br,24 HORAS,24 HORAS,24 HORAS,24 HORAS,-,ANA SANTOS,OLIVEIRA JUNIOR
,,,,L2018,ATIVA,DSP CHACARA SANTO ANTONIO III,2018.0,"R SAO SEBASTIAO, 509",SANTO AMARO,SAO PAULO,SP,04708-001,(11)5184-0982,(11)5184-0124,(11)94130-9594,csantonio3@dpsp.com.br,07 ÀS 23,07 ÀS 23,07 ÀS 23,DOMINGOS E FERIADOS,-,ANA SANTOS,OLIVEIRA JUNIOR
,,,,L2232,ATIVA,DSP CIDADE JARDIM II,2232.0,R DOUTOR MARIO FERRAZ,JARDIM EUROPA,SAO PAULO,SP,01453-010,(11)3294-4305,3294-4151,(11)93086-0307,cjardim2@dpsp.com.br,24 HORAS,24 HORAS,24 HORAS,24 HORAS,-,MARIA IRACEMA,OLIVEIRA JUNIOR
,,,,VD473,ATIVA,DSP CITY LAPA,473.0,RUA PIO XI  N 1377,ALTO DA LAPA,SAO PAULO,SP,05060-001,(11)3021-6397,3021-5523,(11)99560-6025,citylapa@dpsp.com.br,24 HORAS,24 HORAS,24 HORAS,24 HORAS,-,CESAR MENDONCA,OLIVEIRA JUNIOR
,,,,VD223,ATIVA,DSP CLODOMIRO AMAZONAS,223.0,"Rua Clodomiro Amazonas, 1.249 - Loja e Sobre Loja",Vila Nova Conceição,SAO PAULO,SP,04537-012,(11)3842-3423,3846-0399,(11)91025-7743,camazonas@dpsp.com.br,24 HORAS,24 HORAS,24 HORAS,24 HORAS,-,MARIA IRACEMA,OLIVEIRA JUNIOR
,,,,VD503,ATIVA,DSP CLODOMIRO AMAZONAS II,503.0,RUA CLODOMIRO AMAZONAS 1327,V NOVA CONCEICAO,SAO PAULO,SP,04537-002,(11)3848-0578,3842-3371,(11)91025-8052,camazonas2@dpsp.com.br,07 ÀS 23,07 ÀS 23,07 ÀS 23,DOMINGOS E FERIADOS,-,MARIA IRACEMA,OLIVEIRA JUNIOR
,,,,VD346,ATIVA,DSP COMPLEXO ABRAAO,346.0,"AVENIDA PROF ABRAAO DE MORAES, 2233 LOJA 02",SAUDE,SAO PAULO,SP,04123-011,(11)5058-2303,5058-2871,(11)91021-9180,cpxamoraes@dpsp.com.br,07 ÀS 23,07 ÀS 23,07 ÀS 23,DOMINGOS E FERIADOS,-,ANDRE RAMOS,OLIVEIRA JUNIOR
,,,,L2027,ATIVA,DSP CONSOLACAO,2027.0,"RUA DA CONSOLACAO, 2294 2298 2302 2316 LOJA 2",CONSOLAÇÃO,SAO PAULO,SP,01302-001,(11)2528-0020,2528-3475,(11)95588-7303,consolacao@dpsp.com.br,07 ÀS 23,07 ÀS 23,NÃO ABRE,CONVENCIONAL,-,FABIO FREITAS,OLIVEIRA JUNIOR
,,,,L2661,ATIVA,DSP CONTINENTAL SHOPPING,2661.0,"AV LEAO MACHADO, 100",PARQUE CONTINENTAL,SAO PAULO,SP,05328-020,-,-,-,continental@dpsp.com.br,07 ÀS 23,07 ÀS 23,07 ÀS 23,DOMINGOS E FERIADOS,-,BRUNA PANHOTA,OLIVEIRA JUNIOR
,,,,VD323,ATIVA,DSP CORONEL DIOGO,323.0,"AV LINS DE VASCONCELOS, 1770 - LOJA 12",CAMBUCI,SAO PAULO,SP,01538-001,(11)5082-2446,5083-0518,(11)97369-7442,cdiogo@dpsp.com.br,24 HORAS,24 HORAS,24 HORAS,24 HORAS,-,VANESSA FILIPE,OLIVEIRA JUNIOR
,,,,VD671,ATIVA,DSP CURSINO II,671.0,"AV DO CURSINO, 2226 2232",SAUDE,SAO PAULO,SP,04132-001,(11)5058-8198,5058-6544,(11)91021-9925,cursino2@dpsp.com.br,24 HORAS,24 HORAS,24 HORAS,24 HORAS,-,ANDRE RAMOS,OLIVEIRA JUNIOR
,,,,L2248,ATIVA,DSP CURSINO III,2248.0,"AV DO CURSINO, S/N, L 48 QUADRA 23",VILA MORAES,SAO PAULO,SP,04169-000,(11)2894-7782 ,2894-7884 ,(11)99666-0938,cursino3@dpsp.com.br,07 ÀS 00,07 ÀS 00,07 ÀS 00,DOMINGOS E FERIADOS,-,ANDRE RAMOS,OLIVEIRA JUNIOR
,,,,VD257,ATIVA,DSP DAVI HUME,257.0,"RUA DAVI HUME, 10",JD VILA MARIANA,SAO PAULO,SP,04116-130,(11)5575-3646,5575-4121,(11)97317-7265,davihume@dpsp.com.br,24 HORAS,24 HORAS,24 HORAS,24 HORAS,-,VANESSA FILIPE,OLIVEIRA JUNIOR
,,,,VD493,ATIVA,DSP ESTADOS UNIDOS,493.0,RUA ESTADOS UNIDOS N 624,JD PAULISTA,SAO PAULO,SP,01427-000,(11)3887-0540,3051-7825,(11)94221-5343,estadosunidos@dpsp.com.br,07 ÀS 23,07 ÀS 23,07 ÀS 23,DOMINGOS E FERIADOS,-,FABIO FREITAS,OLIVEIRA JUNIOR
,,,,VD829,ATIVA,DSP FAGUNDES FILHO,829.0,"AV FAGUNDES FILHO, 300 E 306",VILA MONTE ALEGRE,SAO PAULO,SP,04304-000,(11)2307-0086,2307-0111,(11)96198-4331,fagundesfilho@dpsp.com.br,07 ÀS 23,07 ÀS 23,07 ÀS 23,DOMINGOS E FERIADOS,-,ANDRE RAMOS,OLIVEIRA JUNIOR
,,,,VD063,ATIVA,DSP FARIA LIMA,63.0,"AV. BRIG. FARIA LIMA, 2156",PINHEIROS,SAO PAULO,SP,01451-000,(11)3812-0922,(11)3815-9570,(11)96499-1095,flima@dpsp.com.br,07 ÀS 23,07 ÀS 23,07 ÀS 23,DOMINGOS E FERIADOS,-,MARIA IRACEMA,OLIVEIRA JUNIOR
,,,,VD327,ATIVA,DSP FRADIQUE COUTINHO,327.0,"R DOS PINHEIROS, 688",PINHEIROS,SAO PAULO,SP,05422-001,(11)3062-4520,3062-5265,(11)95069-6499,fcoutinho@dpsp.com.br,24 HORAS,24 HORAS,24 HORAS,24 HORAS,-,MARIA IRACEMA,OLIVEIRA JUNIOR
,,,,L2190,ATIVA,DSP FRADIQUE COUTINHO II,2190.0,R FRADIQUE COUTINHO,PINHEIROS,SAO PAULO,SP,05416-001,(11)3539-3164,3539-3177,(11)97354-3319, fcoutinho2@dpsp.com.br,24 HORAS,24 HORAS,24 HORAS,24 HORAS,-,CESAR MENDONCA,OLIVEIRA JUNIOR
,,,,VD251,ATIVA,DSP FRANCA PINTO,251.0,"RUA FRANÇA PINTO, 680",VILA MARIANA,SAO PAULO,SP,04016-003,(11)5539-0916,5539-1104,(11)97330-3843,francapinto@dpsp.com.br,24 HORAS,24 HORAS,24 HORAS,24 HORAS,-,VANESSA FILIPE,OLIVEIRA JUNIOR
,,,,VD069,ATIVA,DSP FRANCISCO MORATO,69.0,"AV. PROF. FRANCISCO MORATO, 1838",BUTANTA,SAO PAULO,SP,05512-200,(11)3521-3310,(11)3722-3522,(11)95587-0157,fmorato@dpsp.com.br,07 ÀS 23,07 ÀS 23,07 ÀS 23,DOMINGOS E FERIADOS,-,FERNANDA PEREIRA,OLIVEIRA JUNIOR
,,,,L2118,ATIVA,DSP FRANCISCO MORATO II,2118.0,AV PROF. FRANCISCO MORATO  1070 FUNDOS 1070,BUTANTA,SAO PAULO,SP,05512-100,(11)3722-1204 ,3726-1196 ,(11)95577-1766,fmorato2@dpsp.com.br,24 HORAS,24 HORAS,24 HORAS,24 HORAS,-,FERNANDA PEREIRA,OLIVEIRA JUNIOR
,,,,VD258,ATIVA,DSP GAIVOTA,258.0,RUA GAIVOTA -  1061,MOEMA,SAO PAULO,SP,04522-033,(11)5536-4760,5041-8890,(11)91027-2456,gaivota@dpsp.com.br,07 ÀS 23,07 ÀS 23,07 ÀS 23,DOMINGOS E FERIADOS,-,ANTONIO MARCOS,OLIVEIRA JUNIOR
,,,,VD830,ATIVA,DSP GALVAO BUENO,830.0,"R GALVAO BUENO, 396 398 E 412 LOJA 01 E 02 EDIF PACIFIC",LIBERDADE,SAO PAULO,SP,01506-000,(11)3203-2110,3203-2236,(11)99577-9126,galvaobueno@dpsp.com.br,24 HORAS,24 HORAS,24 HORAS,24 HORAS,-,VANESSA FILIPE,OLIVEIRA JUNIOR
,,,,VD065,ATIVA,DSP GRANJA JULIETA,65.0,"AV. SANTO AMARO, 7159",SANTO AMARO,SAO PAULO,SP,04701-200,(11)5521-9884,(11)5521-1748,(11)94215-0682,gjulieta@dpsp.com.br,24 HORAS,24 HORAS,24 HORAS,24 HORAS,-,ANA SANTOS,OLIVEIRA JUNIOR
,,,,VD093,ATIVA,DSP HEITOR PENTEADO,93.0,"R. HEITOR PENTEADO, 1814 L 03 E 04",PERDIZES,SAO PAULO,SP,05438-300,(11)3873-1238,(11)3871-1467,(11)95654-7106,hpenteado@dpsp.com.br,24 HORAS,24 HORAS,24 HORAS,24 HORAS,-,CESAR MENDONCA,OLIVEIRA JUNIOR
,,,,L2514,ATIVA,DSP HELENA MARIA,2514.0,"R PRESIDENTE COSTA E SILVA, 273",HELENA MARIA,OSASCO,SP,06253-000,(11) 3604-2561,(11) 3604-2562,(11) 97186-0672,helenamaria@dpsp.com.br,07 ÀS 23,07 ÀS 23,07 ÀS 23,DOMINGOS E FERIADOS,-,BRUNA PANHOTA,OLIVEIRA JUNIOR
,,,,VD047,ATIVA,DSP HIGIENOPOLIS,47.0,"AV. ANGELICA, 1465/1475",CONSOLACAO,SAO PAULO,SP,01227-100,(11)3667-6291,(11)3666-0181,(11)99984-5846,higienopolis@dpsp.com.br,24 HORAS,24 HORAS,24 HORAS,24 HORAS,-,BEATRIZ SOUZA,OLIVEIRA JUNIOR
,,,,L2367,ATIVA,DSP HIRANT SANAZAR,2367.0,"AV JOSE LOURENCO, 469",JAGUARIBE,OSASCO,SP,06053-020,(11) 3606-4399,(11) 3606-4398,(11)99404-1133,hirant.sanazar@dpsp.com.br,24 HORAS,24 HORAS,24 HORAS,24 HORAS,-,BRUNA PANHOTA,OLIVEIRA JUNIOR
,,,,VD325,ATIVA,DSP IBIRAPUERA,325.0,"AL DOS JURUPIS, 1535",INDIANOPOLIS,SAO PAULO,SP,04088-005,(11)5041-3159,5049-0450,(11)91027-3579,ibirapuera@dpsp.com.br,07 ÀS 23,07 ÀS 23,07 ÀS 23,DOMINGOS E FERIADOS,-,ANTONIO MARCOS,OLIVEIRA JUNIOR
,,,,L2235,ATIVA,DSP IBIRAPUERA III,2235.0,AV IBIRAPUERA,INDIANOPOLIS,SAO PAULO,SP,04028-001,(11)3539-1161,3539-1253,(11)91033-5469,ibirapuera3@dpsp.com.br,24 HORAS,24 HORAS,24 HORAS,24 HORAS,-,ANTONIO MARCOS,OLIVEIRA JUNIOR
,,,,L2137,ATIVA,DSP INDIANOPOLIS,2137.0,"AV INDIANOPOLIS, 2010",INDIANOPOLIS,SAO PAULO,SP,04062-002,(11)2577-3354,5595-8780,(11)91033-8591,indianopolis@dpsp.com.br,24 HORAS,24 HORAS,24 HORAS,24 HORAS,-,ANTONIO MARCOS,OLIVEIRA JUNIOR
,,,,VD074,ATIVA,DSP IPIRANGA,74.0,"R. SILVA BUENO, 2175/2177",IPIRANGA,SAO PAULO,SP,04208-052,(11)2273-0790,(11)2274-7300,(11)99872-6699,ipiranga@dpsp.com.br,07 ÀS 23,07 ÀS 23,07 ÀS 23,DOMINGOS E FERIADOS,-,ANDRE RAMOS,OLIVEIRA JUNIOR
,,,,VD618,ATIVA,DSP IPIRANGA II,618.0,"R LEAIS PAULISTANOS, 202 E 210",IPIRANGA,SAO PAULO,SP,04202-010,(11)2062-6086,2062-6083,(11)91022-4413,ipiranga2@dpsp.com.br,07 ÀS 23,07 ÀS 23,07 ÀS 23,DOMINGOS E FERIADOS,-,ANDRE RAMOS,OLIVEIRA JUNIOR
,,,,L2026,ATIVA,DSP ITAMBE,2026.0,"Rua Alagoas, 12",HIGIENOPOLIS,SAO PAULO,SP,01242-000,(11)3159-0420,(11)3159-0441,(11)96182-5173,itambe@dpsp.com.br,07 ÀS 23,07 ÀS 23,07 ÀS 23,DOMINGOS E FERIADOS,-,BEATRIZ SOUZA,OLIVEIRA JUNIOR
,,,,L2196,ATIVA,DSP JARDIM ADALGISA,2196.0,R JOSE ARISTIDES JOFRE,ADALGISA,OSASCO,SP,06030-130,(11)4384-6593 ,4384-6674,(11)99412-4505, jardim.adalgisa@dpsp.com.br,07 ÀS 23,07 ÀS 23,07 ÀS 23,DOMINGOS E FERIADOS,-,BRUNA PANHOTA,OLIVEIRA JUNIOR
,,,,VD736,ATIVA,DSP JARDIM BARUERI,736.0,"EST DOS ROMEIROS, 694 FARMACIA",VILA SAO SILVESTRE,BARUERI,SP,06417-000,(11)4198-6760,(11)4198-7162,(11)96196-8087,jardimbarueri@dpsp.com.br,24 HORAS,24 HORAS,24 HORAS,24 HORAS,-,CESAR MENDONCA - INTERINO,OLIVEIRA JUNIOR
,,,,VD125,ATIVA,DSP JARDIM BONFIGLIOLI,125.0,"AV. ENGº HEITOR ANTONIO HEIRAS GARCIA, 691/695",JD. ESMERALDA,SAO PAULO,SP,05588-001,(11)3731-3768,(11)3733-1034,(11)95540-2535,jbonfiglioli@dpsp.com.br,07 ÀS 23,07 ÀS 23,07 ÀS 23,DOMINGOS E FERIADOS,-,BRUNA PANHOTA,OLIVEIRA JUNIOR
,,,,L2267,ATIVA,DSP JARDIM DABRIL,2267.0,"AV ENG QUEIROS TELES, 1013, TERREO1015",JARDIM D'ABRIL,SAO PAULO,SP,05399-030,(11)3783-1807 ,3783-1740 ,(11)94344-9854,jardim.dabril@dpsp.com.br,07 ÀS 23,07 ÀS 23,07 ÀS 23,DOMINGOS E FERIADOS,-,BRUNA PANHOTA,OLIVEIRA JUNIOR
,,,,VD328,ATIVA,DSP JARDIM DAS BANDEIRAS,328.0,"RUA MEDEIROS DE ALBUQUERQUE, 303 LOJA 01",JARDIM DAS BANDEIRAS,SAO PAULO,SP,05436-060,(11)3032-4917,3032-4994,(11)95540-2276,jbandeiras@dpsp.com.br,07 ÀS 23,07 ÀS 23,07 ÀS 23,DOMINGOS E FERIADOS,-,CESAR MENDONCA,OLIVEIRA JUNIOR
,,,,VD259,ATIVA,DSP JARDIM GUEDALA,259.0,RUA DOS TRES IRMAOS - 651,VILA PROGREDIOR,SAO PAULO,SP,05615-190,(11)3721-5493,3722-5029,(11)95059-1635,jguedala@dpsp.com.br,24 HORAS,24 HORAS,24 HORAS,24 HORAS,-,FERNANDA PEREIRA,OLIVEIRA JUNIOR
,,,,VD660,ATIVA,DSP JARDIM PAULISTA,660.0,"AV BRIGADEIRO LUIS ANTONIO, 3355",JARDIM PAULISTA,SAO PAULO,SP,01401-001,(11)3051-3203,3051-6745,(11)94221-0494,jpaulista@dpsp.com.br,07 ÀS 23,07 ÀS 23,07 ÀS 23,DOMINGOS E FERIADOS,-,FABIO FREITAS,OLIVEIRA JUNIOR
,,,,VD263,ATIVA,DSP JARDIM PAULISTA II,263.0,"ALAMEDA LORENA, 807",JARDIM PAULISTA,SAO PAULO,SP,01424-005,(11)3062-4867,3062-4814,(11)93448-5263,jpaulista2@dpsp.com.br,07 ÀS 23,07 ÀS 23,07 ÀS 23,DOMINGOS E FERIADOS,-,FABIO FREITAS,OLIVEIRA JUNIOR
,,,,VD701,ATIVA,DSP JARDIM PERI PERI II,701.0,"AV MINISTRO LAUDO FERREIRA DE CAMARGO, 340 344 348",JARDIM PERI PERI,SAO PAULO,SP,05537-000,(11)3507-6037,3507-6048,(11)95038-7430,jperiperi2@dpsp.com.br,07 ÀS 23,07 ÀS 23,07 ÀS 23,DOMINGOS E FERIADOS,-,BRUNA PANHOTA,OLIVEIRA JUNIOR
,,,,VD277,ATIVA,DSP JARDIM SUL,277.0,"Rua Nelson Gama de Oliveira, 878",VILA ANDRADE,SAO PAULO,SP,05734-150,(11)2306-3883,2306-3898,(11)91021-1567,jardimsul@dpsp.com.br,07 ÀS 23,07 ÀS 23,07 ÀS 23,DOMINGOS E FERIADOS,-,FERNANDA PEREIRA,OLIVEIRA JUNIOR
,,,,VD267,ATIVA,DSP JOAO CACHOEIRA,267.0,"RUA JOAO CACHOEIRA, 90",CHACARA ITAIM,SAO PAULO,SP,04535-000,(11)3071-0115,3168-9757,(11)95659-1363,jcachoeira@dpsp.com.br,24 HORAS,24 HORAS,24 HORAS,24 HORAS,-,MARIA IRACEMA,OLIVEIRA JUNIOR
,,,,VD940,ATIVA,DSP JOAO DE ANDRADE,940.0,"AV JOAO DE ANDRADE, 1461",SANTO ANTONIO,OSASCO,SP,06132-004,(11)3591-6264,3591-4207,(11)94479-1890,joaodeandrade@dpsp.com.br,07 ÀS 23,07 ÀS 23,07 ÀS 23,DOMINGOS E FERIADOS,-,BRUNA PANHOTA,OLIVEIRA JUNIOR
,,,,VD023,ATIVA,DSP JOAQUIM FLORIANO,23.0,"R. JOAQUIM FLORIANO, 682",ITAIM BIBI,SAO PAULO,SP,04534-002,(11)3167-0224,(11)3071-3324,(11)99862-8600,jfloriano@dpsp.com.br,07 ÀS 23,07 ÀS 23,07 ÀS 23,DOMINGOS E FERIADOS,-,MARIA IRACEMA,OLIVEIRA JUNIOR
,,,,VD414,ATIVA,DSP JOAQUIM FLORIANO II,414.0,"R JOAQUIM FLORIANO, 277",ITAIM BIBI,SAO PAULO,SP,04534-010,(11)3071-4169,3071-4575,(11)91025-7956,joaquim.floriano2@dpsp.com.br,07 ÀS 23,07 ÀS 23,07 ÀS 23,DOMINGOS E FERIADOS,-,MARIA IRACEMA,OLIVEIRA JUNIOR
,,,,VD241,ATIVA,DSP JORGE SAAD,241.0,"AV JORGE JOAO SAAD, 900 LOJA 05",VILA PROGREDIOR,SAO PAULO,SP,05618-001,(11)3739-0820,3739-0817,(11)94447-2326,jsaad@dpsp.com.br,07 ÀS 23,07 ÀS 23,07 ÀS 23,DOMINGOS E FERIADOS,-,FERNANDA PEREIRA,OLIVEIRA JUNIOR
,,,,VD366,ATIVA,DSP LAPA,366.0,"R TITO, 1132",VILA ROMANA,SAO PAULO,SP,05051-001,(11)3868-3808,3672-3587,(11)95540-2529,lapa@dpsp.com.br,07 ÀS 23,07 ÀS 23,07 ÀS 23,DOMINGOS E FERIADOS,-,CESAR MENDONCA,OLIVEIRA JUNIOR
,,,,VD004,ATIVA,DSP LIBERDADE,4.0,"AVENIDA DA LIBERDADE, 840",LIBERDADE,SAO PAULO,SP,01502-001,(11)3207-4168,(11)3209-8241,(11)99722-0354,liberdade@dpsp.com.br,07 ÀS 23,07 ÀS 23,07 ÀS 23,DOMINGOS E FERIADOS,-,VANESSA FILIPE,OLIVEIRA JUNIOR
,,,,VD101,ATIVA,DSP LINS DE VASCONCELOS,101.0,"AV. LINS DE VASCONCELOS, 1505/1505A",ACLIMACAO,SAO PAULO,SP,01537-001,(11)2274-5375,(11)2591-1858,(11)99752-0429,lvasconcelos@dpsp.com.br,24 HORAS,24 HORAS,24 HORAS,24 HORAS,-,VANESSA FILIPE,OLIVEIRA JUNIOR
,,,,L2065,ATIVA,DSP LUIS GOIS,2065.0,"R LUIS GOIS, 271",MIRANDOPOLIS,SAO PAULO,SP,04043-250,-,-,(11)97589-4019,luis.gois@dpsp.com.br,07 ÀS 23,07 ÀS 23,07 ÀS 23,DOMINGOS E FERIADOS,-,ANDRE RAMOS,OLIVEIRA JUNIOR
,,,,VD097,ATIVA,DSP MACUCO,97.0,"AV. MACUCO, 115",INDIANOPOLIS,SAO PAULO,SP,04523-000,(11)5055-5225,(11)5055-7198,(11)91033-5398,macuco@dpsp.com.br,24 HORAS,24 HORAS,24 HORAS,24 HORAS,-,ANTONIO MARCOS,OLIVEIRA JUNIOR
,,,,L2046,ATIVA,DSP MAESTRO CARDIM,2046.0,"R MAESTRO CARDIM, 297 301 307 317",LIBERDADE,SAO PAULO,SP,01323-000,(11)3251-3121,3251-3151,(11)99862-9746,m.cardim@dpsp.com.br,24 HORAS,24 HORAS,24 HORAS,24 HORAS,-,VANESSA FILIPE,OLIVEIRA JUNIOR
,,,,L2667,ATIVA,DSP MARACATINS,2667.0,"AL DOS MARACATINS, 911",INDIANOPOLIS,SAO PAULO,SP,04089-012,(11)5056-4888,(11)5056-4889,-,maracatins@dpsp.com.br,07 ÀS 23,07 ÀS 23,07 ÀS 23,DOMINGOS E FERIADOS,-,ANTONIO MARCOS,OLIVEIRA JUNIOR
,,,,VD520,ATIVA,DSP MIRANDOPOLIS,520.0,RUA DAS ROSAS N 515,INDIANOPOLIS,SAO PAULO,SP,04029-000,(11)2276-0942,2276-4308,(11)91039-4329,mirandopolis@dpsp.com.br,07 ÀS 23,07 ÀS 23,07 ÀS 23,DOMINGOS E FERIADOS,-,ANTONIO MARCOS,OLIVEIRA JUNIOR
,,,,VD057,ATIVA,DSP MOEMA,57.0,"AL. DOS MARACATINS, 539",INDIANOPOLIS,SAO PAULO,SP,04089-011,(11)5051-5815,(11)5051-8722,(11)91033-5197,moema@dpsp.com.br,07 ÀS 23,07 ÀS 23,07 ÀS 23,DOMINGOS E FERIADOS,-,ANTONIO MARCOS,OLIVEIRA JUNIOR
,,,,VD541,ATIVA,DSP MOEMA II,541.0,"AV MOEMA, 321 331",MOEMA,SAO PAULO,SP,04077-020,(11)5051-2775,5051-4273,(11)91039-4271,moema2@dpsp.com.br,24 HORAS,24 HORAS,24 HORAS,24 HORAS,-,ANTONIO MARCOS,OLIVEIRA JUNIOR
,,,,VD542,ATIVA,DSP MOEMA III,542.0,"AV LAVANDISCA, 385",INDIANOPOLIS,SAO PAULO,SP,04515-010,(11)5051-0676,5051-0223,(11)91038-5593,moema3@dpsp.com.br,07 ÀS 23,07 ÀS 23,07 ÀS 23,DOMINGOS E FERIADOS,-,ANTONIO MARCOS,OLIVEIRA JUNIOR
,,,,L2044,ATIVA,DSP MOEMA IV,2044.0,"Avenida Lavandisca, 116",INDIANÓPOLIS,SAO PAULO,SP,04515-010,(11)5052-5454,5052-5452,(11)91035-2935,moema4@dpsp.com.br,24 HORAS,24 HORAS,24 HORAS,24 HORAS,-,ANTONIO MARCOS,OLIVEIRA JUNIOR
,,,,L2200,ATIVA,DSP MONCOES II,2200.0,"AV PADRE ANTONIO JOSE DOS SANTOS, 1348",CIDADE MONCOES,SAO PAULO,SP,04563-004,(11)5507-3844,(11)5506-9766,(11)94261-3113,moncoes2@dpsp.com.br,24 HORAS,24 HORAS,24 HORAS,24 HORAS,-,ANA SANTOS,OLIVEIRA JUNIOR
,,,,VD219,ATIVA,DSP MONTE ALEGRE,219.0,"RUA MONTE ALEGRE, 500 SALAO 01",PERDIZES,SAO PAULO,SP,05006-000,(11)3868-4567,(11)3877-0452,(11)93046-7545,malegre@dpsp.com.br,07 ÀS 23,07 ÀS 23,07 ÀS 23,DOMINGOS E FERIADOS,-,BEATRIZ SOUZA,OLIVEIRA JUNIOR
,,,,VD086,ATIVA,DSP MORUMBI,86.0,"AV. GIOVANNI GRONCHI, 5471",MORUMBI,SAO PAULO,SP,05724-003,(11)3744-2058,(11)3746-7448,(11)91018-9823,morumbi@dpsp.com.br,24 HORAS,24 HORAS,24 HORAS,24 HORAS,-,FERNANDA PEREIRA,OLIVEIRA JUNIOR
,,,,VD478,ATIVA,DSP MORUMBI II,478.0,"AV MORUMBI, 6901",MORUMBI,SAO PAULO,SP,05650-002,(11)3755-1082,3755-1250,(11)91015-9493,morumbi2@dpsp.com.br,24 HORAS,24 HORAS,24 HORAS,24 HORAS,-,FERNANDA PEREIRA,OLIVEIRA JUNIOR
,,,,L2452,ATIVA,DSP MORUMBI III,2452.0,"AV MORUMBI, 2250",MORUMBI,SAO PAULO,SP,05606-200,(11) 3914-7190,(11) 3914-7191,(11)97545-6280,morumbi3@dpsp.com.br,24 HORAS,24 HORAS,24 HORAS,24 HORAS,-,FERNANDA PEREIRA,OLIVEIRA JUNIOR
,,,,VD326,ATIVA,DSP NAZARE,326.0,"AV NAZARE, 1274",IPIRANGA,SAO PAULO,SP,04262-200,(11)2061-2015,2060-0082,(11)93081-3684,nazare@dpsp.com.br,24 HORAS,24 HORAS,24 HORAS,24 HORAS,-,ANDRE RAMOS,OLIVEIRA JUNIOR
,,,,L2042,ATIVA,DSP NHAMBIQUARAS,2042.0,"Avenida Jandira, 480",INDIANÓPOLIS,SAO PAULO,SP,04080-003,(11)5052-4957,5052-4958,(11)91035-6489,nhambiquaras@dpsp.com.br,07 ÀS 23,07 ÀS 23,07 ÀS 23,DOMINGOS E FERIADOS,-,ANTONIO MARCOS,OLIVEIRA JUNIOR
,,,,VD050,ATIVA,DSP OSASCO,50.0,"AV. JOAO BATISTA, 29/35/37",CENTRO,OSASCO,SP,06097-100,(11)3682-1694,(11)3683-7671,(11)94372-1742,osasco@dpsp.com.br,07 ÀS 23,07 ÀS 23,07 ÀS 23,DOMINGOS E FERIADOS,-,BRUNA PANHOTA,OLIVEIRA JUNIOR
,,,,VD685,ATIVA,DSP OSASCO BAIRRO,685.0,"AV ANTONIO CARLOS COSTA, 1353 1355",BELA VISTA,OSASCO,SP,06053-017,(11)3370-4108,3370-4105,(11)94363-6102,osascobairro@dpsp.com.br,24 HORAS,24 HORAS,24 HORAS,24 HORAS,-,BRUNA PANHOTA,OLIVEIRA JUNIOR
,,,,L2258,ATIVA,DSP OSASCO II,2258.0,"AV. OLAVO BILAC, 258",QUINTANA,OSASCO,SP,06190-150,(11)4554-9921,4554-9916 ,(11)99674-6898,osasco2@dpsp.com.br,07 ÀS 23,07 ÀS 23,07 ÀS 23,DOMINGOS E FERIADOS,-,BRUNA PANHOTA,OLIVEIRA JUNIOR
,,,,VD487,ATIVA,DSP PACAEMBU,487.0,PRACA WENDELL WILKIE 95,PACAEMBU,SAO PAULO,SP,01236-050,(11)3675-2007,(11)3862-2743,(11)93070-6741,pacaembu@dpsp.com.br,07 ÀS 23,07 ÀS 23,07 ÀS 23,DOMINGOS E FERIADOS,-,BEATRIZ SOUZA,OLIVEIRA JUNIOR
,,,,VD084,ATIVA,DSP PAMPLONA,84.0,"R. PAMPLONA, 1130",CERQUEIRA CESAR,SAO PAULO,SP,01405-001,(11)3289-9494,(11)3287-1015,(11)93386-6541,pamplona@dpsp.com.br,07 ÀS 23,07 ÀS 23,07 ÀS 23,DOMINGOS E FERIADOS,-,FABIO FREITAS,OLIVEIRA JUNIOR
,,,,VD271,ATIVA,DSP PAMPLONA II,271.0,RUA PAMPLONA  - 1613,JD PAULISTA,SAO PAULO,SP,01405-002,(11)3885-5891,3052-4247,(11)94365-3282,pamplona2@dpsp.com.br,24 HORAS,24 HORAS,24 HORAS,24 HORAS,-,FABIO FREITAS,OLIVEIRA JUNIOR
,,,,VD274,ATIVA,DSP PANAMBY,274.0,RUA JOSE RAMON URTIZA  - 975,VILA ANDRADE,SAO PAULO,SP,05717-270,(11)3776-7309,3771-5553,(11)91015-8520,panamby@dpsp.com.br,24 HORAS,24 HORAS,24 HORAS,24 HORAS,-,FERNANDA PEREIRA,OLIVEIRA JUNIOR
,,,,VD616,ATIVA,DSP PANAMBY II,616.0,"R DOUTOR CHIBATA MIYAKOSHI, 107 111 115 119",PARAISO DO MORUMBI,SAO PAULO,SP,05705-170,(11)3758-2251,3758-2321,(11)96402-9579,panamby2@dpsp.com.br,06:30 ÀS 23,06:30 ÀS 23,07 ÀS 23,DOMINGOS E FERIADOS,-,FERNANDA PEREIRA,OLIVEIRA JUNIOR
,,,,VD402,ATIVA,DSP PANAMERICANA,402.0,"PC PAN-AMERICANA, 301",ALTO DE PINHEIROS,SAO PAULO,SP,05461-000,(11)3023-0694,3021-1467,(11)95569-2837,panamericana@dpsp.com.br,24 HORAS,24 HORAS,24 HORAS,24 HORAS,-,CESAR MENDONCA,OLIVEIRA JUNIOR
,,,,VD030,ATIVA,DSP PARAISO,30.0,"AV. BERNARDINO DE CAMPOS, 216",PARAISO,SAO PAULO,SP,04004-040,(11)3889-8436,(11)3885-6467,(11)99879-8016,paraiso@dpsp.com.br,24 HORAS,24 HORAS,24 HORAS,24 HORAS,-,VANESSA FILIPE,OLIVEIRA JUNIOR
,,,,VD428,ATIVA,DSP PARQUE IBIRAPUERA,428.0,"AVENIDA IBIRAPUERA, 1280",INDIANOPOLIS,SAO PAULO,SP,04028-000,(11)2619-3108,2619-3109,(11)91029-4845,pibirapuera@dpsp.com.br,07 ÀS 23,07 ÀS 23,07 ÀS 23,DOMINGOS E FERIADOS,-,ANTONIO MARCOS,OLIVEIRA JUNIOR
,,,,L2154,ATIVA,DSP PASSO DA PATRIA,2154.0,"R PASSO DA PATRIA, 1101",BELA ALIANCA,SAO PAULO,SP,05085-000,(11)38363873,3835-6641,(11)94460-3271, passo.patria@dpsp.com.br,07 ÀS 23,07 ÀS 23,07 ÀS 23,DOMINGOS E FERIADOS,-,CESAR MENDONCA,OLIVEIRA JUNIOR
,,,,VD371,ATIVA,DSP PATRIOTAS,371.0,R AGOSTINHO GOMES - 1492 - LOJA 03,IPIRANGA,SAO PAULO,SP,04206-000,(11)2061-6748,2061-6810,(11)91021-9350,patriotas@dpsp.com.br,24 HORAS,24 HORAS,24 HORAS,24 HORAS,-,ANDRE RAMOS,OLIVEIRA JUNIOR
,,,,VD027,ATIVA,DSP PAULISTA,27.0,"AV. PAULISTA, 2073 LOJA 107",CERQUEIRA CESAR,SAO PAULO,SP,01311-300,(11)3251-0206,(11)3284-1168,(11)91027-3881,paulista@dpsp.com.br,24 HORAS,24 HORAS,24 HORAS,24 HORAS,-,FABIO FREITAS,OLIVEIRA JUNIOR
,,,,VD719,ATIVA,DSP PAULISTA II,719.0,"Avenida Paulista, 266",BELA VISTA,SAO PAULO,SP,01310-000,(11)3251-1870,3262-0315,(11)94217-1071,paulista2@dpsp.com.br,06 ÀS 23,06 ÀS 23,06 ÀS 23,DOMINGOS E FERIADOS,-,FABIO FREITAS,OLIVEIRA JUNIOR
,,,,L2089,ATIVA,DSP PAULISTA III,2089.0,"AVENIDA PAULISTA, 2300 LOJA 03",BELA VISTA,SAO PAULO,SP,01310-300,(11)3231-5126,3120-6144,(11)95677-2736,paulista3@dpsp.com.br,24 HORAS,24 HORAS,24 HORAS,24 HORAS,-,FABIO FREITAS,OLIVEIRA JUNIOR
,,,,L2133,ATIVA,DSP PAULISTA IV,2133.0,"AV PAULISTA, 2371/LOJA 1 E 2",BELA VISTA,SAO PAULO,SP,01310-300,(11)3062-2636 ,3062-3560,(11)96913-0508,paulista4@dpsp.com.br,24 HORAS,24 HORAS,24 HORAS,24 HORAS,-,FABIO FREITAS,OLIVEIRA JUNIOR
,,,,VD433,ATIVA,DSP PAULISTA MASP,433.0,"AVENIDA PAULISTA, 1754 LJ B EDIFICIL GRANDE AVENIDA",BELA VISTA,SAO PAULO,SP,01310-200,(11)3262-5343,3142-9289,(11)94443-5414,paulistamasp@dpsp.com.br,24 HORAS,24 HORAS,24 HORAS,24 HORAS,-,FABIO FREITAS,OLIVEIRA JUNIOR
,,,,L2268,ATIVA,DSP PAULISTA V,2268.0,"AV PAULISTA, 509, LOJA 07 08 09 10 E 33",BELA VISTA,SAO PAULO,SP,01311-910, (11)3253-9374,-,(11)99017-6718,paulista5@dpsp.com.br,24 HORAS,24 HORAS,24 HORAS,24 HORAS,-,FABIO FREITAS,OLIVEIRA JUNIOR
,,,,VD498,ATIVA,DSP PEDRO DE TOLEDO,498.0,RUA  PEDRO DE TOLEDO 319,VL CLEMENTINO,SAO PAULO,SP,04039-300,(11)5549-7304,5083-1647,(11)91039-4669,ptoledo@dpsp.com.br,05 ÀS 22,05 ÀS 22,07 ÀS 23,DOMINGOS E FERIADOS,-,ANTONIO MARCOS,OLIVEIRA JUNIOR
,,,,VD605,ATIVA,DSP PERDIZES,605.0,"R CAYOWAA, 802",PERDIZES,SAO PAULO,SP,05018-001,(11)3672-0215,(11)3803-9928,(11)93079-3927,perdizes2@dpsp.com.br,24 HORAS,24 HORAS,24 HORAS,24 HORAS,-,BEATRIZ SOUZA,OLIVEIRA JUNIOR
,,,,L2011,ATIVA,DSP PINHEIROS,2011.0,"PC DOS OMAGUAS, 116",PINHEIROS,SAO PAULO,SP,05419-020,(11)3032-7483,(11)3032-7490,(11)93268-1430,pinheiros@dpsp.com.br,24 HORAS,24 HORAS,24 HORAS,24 HORAS,-,CESAR MENDONCA,OLIVEIRA JUNIOR
,,,,VD612,ATIVA,DSP PLANALTO PAULISTA,612.0,"AV JOSE MARIA WHITAKER, 908",PLANALTO PAULISTA,SAO PAULO,SP,04057-000,(11)2276-1391,5071-5756,(11)91038-5255,ppaulista@dpsp.com.br,07 ÀS 23,07 ÀS 23,07 ÀS 23,DOMINGOS E FERIADOS,-,ANTONIO MARCOS,OLIVEIRA JUNIOR
,,,,VD079,ATIVA,DSP POMPEIA,79.0,"AV. POMPEIA, 390",V. POMPEIA,SAO PAULO,SP,05022-000,(11)3672-1952,(11)3672-9315,(11)93324-3371,pompeia@dpsp.com.br,24 HORAS,24 HORAS,24 HORAS,24 HORAS,-,BEATRIZ SOUZA,OLIVEIRA JUNIOR
,,,,VD208,ATIVA,DSP PORTAL,208.0,"AV. DOUTOR GUILHERME DUMONT VILLARES, 1030",JARDIM CABORÉ,SAO PAULO,SP,05640-001,(11)3743-1493,3501-6140,(11)94151-0747,portal@dpsp.com.br,07 ÀS 23,07 ÀS 23,07 ÀS 23,DOMINGOS E FERIADOS,-,FERNANDA PEREIRA,OLIVEIRA JUNIOR
,,,,VD477,ATIVA,DSP PORTAL II,477.0,RUA MARECHAL HASTIFILO DE MOURA N 335,MORUMBI,SAO PAULO,SP,05641-060,(11)3739-0688,3739-2775,(11)96412-6356,portal2@dpsp.com.br,06 ÀS 23,07 ÀS 23,07 ÀS 23,DOMINGOS E FERIADOS,-,FERNANDA PEREIRA,OLIVEIRA JUNIOR
,,,,L2120,ATIVA,DSP PORTAL III,2120.0,AV DOUTOR GUILHERME DUMONT VILLARES,JARDIM LONDRINA,SAO PAULO,SP,05640-003,(11)3779-7992,3779-7992,(11)91037-8896,portal3@dpsp.com.br,07 ÀS 23,07 ÀS 23,07 ÀS 23,DOMINGOS E FERIADOS,-,FERNANDA PEREIRA,OLIVEIRA JUNIOR
,,,,VD067,ATIVA,DSP PRACA 14 BIS,67.0,"PC. QUATORZE BIS, 70",BELA VISTA,SAO PAULO,SP,01312-010,(11)3255-3553,(11)3256-2314,(11)97146-2606,p14bis@dpsp.com.br,24 HORAS,24 HORAS,24 HORAS,24 HORAS,-,FABIO FREITAS,OLIVEIRA JUNIOR
,,,,L2650,ATIVA,DSP PRACA DA ARVORE,2650.0,"AV JABAQUARA, 620",MIRANDOPOLIS,SAO PAULO,SP,4046-000,(11) 5586-9198,(11) 5586-9199,(11) 9 7674-6365,pracadaarvore@dpsp.com.br,24 HORAS,24 HORAS,24 HORAS,24 HORAS,-,ANDRE RAMOS,OLIVEIRA JUNIOR
,,,,VD334,ATIVA,DSP PRESIDENTE ALTINO,334.0,"AV PRESIDENTE ALTINO, 766 E 770",JAGUARE,SAO PAULO,SP,05323-001,(11)3714-2563,3719-3317,(11)94334-8751,paltino@dpsp.com.br,07 ÀS 23,07 ÀS 23,07 ÀS 23,DOMINGOS E FERIADOS,-,BRUNA PANHOTA,OLIVEIRA JUNIOR
,,,,VD135,ATIVA,DSP PRIMITIVA VIANCO,135.0,"R. DONA PRIMITIVA VIANCO, 940 L 18 QD",CENTRO,OSASCO,SP,06016-008,(11)3682-1668,(11)3681-3582,(11)91037-8607,pvianco@dpsp.com.br,24 HORAS,24 HORAS,24 HORAS,24 HORAS,-,BRUNA PANHOTA,OLIVEIRA JUNIOR
,,,,VD993,ATIVA,DSP RAMOS BATISTA,993.0,"RUA RAMOS BATISTA, 421",VILA OLIMPIA,SAO PAULO,SP,04552-020,(11)3845-7311,3044-4162,(11)91012-3947,ramosbatista@dpsp.com.br,07 ÀS 22,07 ÀS 22,07 ÀS 20,DOMINGOS E FERIADOS,-,MARIA IRACEMA,OLIVEIRA JUNIOR
,,,,VD261,ATIVA,DSP REAL PARQUE,261.0,RUA VISCONDE DE NACAR -  333,REAL PARQUE,SAO PAULO,SP,05685-010,(11)3758-1920,3758-6162,(11)91038-5818,rparque@dpsp.com.br,07 ÀS 23,07 ÀS 23,07 ÀS 23,DOMINGOS E FERIADOS,-,FERNANDA PEREIRA,OLIVEIRA JUNIOR
,,,,VD972,ATIVA,DSP REBOUCAS II,972.0,"AVENIDA REBOUCAS, 3727",PINHEIROS,SAO PAULO,SP,05401-450,(11)3034-1267,3816-6774,(11)91034-4586,reboucas2@dpsp.com.br,07 ÀS 23,07 ÀS 23,07 ÀS 23,DOMINGOS E FERIADOS,-,MARIA IRACEMA,OLIVEIRA JUNIOR
,,,,VD511,ATIVA,DSP RICARDO JAFET,511.0,AV DR RICARDO JAFET NR 3294  LJ 01,VILA GUMERCINDO,SAO PAULO,SP,04123-020,(11)5071-5236,5594-0226,(11)91021-9918,rjaffet@dpsp.com.br,24 HORAS,24 HORAS,24 HORAS,24 HORAS,-,ANDRE RAMOS,OLIVEIRA JUNIOR
,,,,VD854,ATIVA,DSP RIO PEQUENO,854.0,"AV DO RIO PEQUENO, 610",RIO PEQUENO,SAO PAULO,SP,05379-000,(11)2925-6432,2925-6439,(11)91037-5207,riopequeno@dpsp.com.br,07 ÀS 23,07 ÀS 23,07 ÀS 23,DOMINGOS E FERIADOS,-,BRUNA PANHOTA,OLIVEIRA JUNIOR
,,,,VD240,ATIVA,DSP ROBERTO MARINHO,240.0,"RUA ZACARIAS DE GOIS, 632 loja 02",PARQUE COLONIAL,SAO PAULO,SP,04610-001,(11)5533-0885,(11)5533-0875,(11)94286-5160,rmarinho@dpsp.com.br,24 HORAS,24 HORAS,24 HORAS,24 HORAS,-,ANA SANTOS,OLIVEIRA JUNIOR
,,,,VD062,ATIVA,DSP RUBEM BERTA,62.0,"AV. JANDIRA, 1002",INDIANOPOLIS,SAO PAULO,SP,04080-005,(11)5055-2569,(11)5055-2432,(11)94302-3301,rberta@dpsp.com.br,24 HORAS,24 HORAS,24 HORAS,24 HORAS,-,ANA SANTOS,OLIVEIRA JUNIOR
,,,,VD510,ATIVA,DSP RUBEM BERTA II,510.0,AVENIDA MOREIRA GUIMARAES NR 979,MOEMA,SAO PAULO,SP,04074-031,(11)5052-4881,(11)5051-5222,(11)94320-8573,rberta2@dpsp.com.br,24 HORAS,24 HORAS,24 HORAS,24 HORAS,-,ANA SANTOS,OLIVEIRA JUNIOR
,,,,VD155,ATIVA,DSP SANTA CECILIA,155.0,"R. CONS. BROTERO, 978",SANTA CECILIA,SAO PAULO,SP,01232-010,(11)3826-7711,(11)3825-8050,(11)97599-6475,scecilia@dpsp.com.br,24 HORAS,24 HORAS,24 HORAS,24 HORAS,-,BEATRIZ SOUZA,OLIVEIRA JUNIOR
,,,,VD694,ATIVA,DSP SANTA CECILIA II,694.0,"R DAS PALMEIRAS, 241",VILA BUARQUE,SAO PAULO,SP,01226-011,(11)2619-6168,(11)2619-6194,(11)97485-8706,scecilia2@dpsp.com.br,07 ÀS 23,07 ÀS 23,07 ÀS 23,DOMINGOS E FERIADOS,-,BEATRIZ SOUZA,OLIVEIRA JUNIOR
,,,,VD688,ATIVA,DSP SANTANA DE PARNAIBA,688.0,"EST TENENTE MARQUES, 4764",CHACARA DO SOLAR (FAZENDINHA),SANTANA DE PARNAIBA,SP,06530-001,(11)4156-2826,(11)4156-8443,(11)96196-7664,sparnaiba@dpsp.com.br,24 HORAS,24 HORAS,24 HORAS,24 HORAS,-,CESAR MENDONCA - INTERINO,OLIVEIRA JUNIOR
,,,,VD416,ATIVA,DSP SAO BENTO,416.0,"LARGO SAO BENTO, 10",CENTRO,SAO PAULO,SP,01029-010,(11)3229-9933,3228-5844,(11)99926-9270,sbento@dpsp.com.br,06 ÀS 20,06 ÀS 20,NÃO ABRE,CONVENCIONAL,-,VANESSA FILIPE,OLIVEIRA JUNIOR
,,,,VD017,ATIVA,DSP SAUDE,17.0,"R. CARNEIRO DA CUNHA, 47",SAUDE,SAO PAULO,SP,04144-000,(11)5584-5420,(11)2578-0090,(11)91033-5140,saude@dpsp.com.br,07 ÀS 23,07 ÀS 23,07 ÀS 23,DOMINGOS E FERIADOS,-,ANDRE RAMOS,OLIVEIRA JUNIOR
,,,,VD571,ATIVA,DSP SCHILLING,571.0,"R SCHILLING, 321",VILA LEOPOLDINA,SAO PAULO,SP,05302-001,(11)3641-7278,3641-9787,(11)93052-9598,schilling@dpsp.com.br,24 HORAS,24 HORAS,24 HORAS,24 HORAS,-,CESAR MENDONCA,OLIVEIRA JUNIOR
,,,,VD029,ATIVA,DSP SE,29.0,"PC. DA SE, 415",SE,SAO PAULO,SP,01001-000,(11)3106-1756,(11)3106-2262,(11)99822-1550,se@dpsp.com.br,06 ÀS 20,06 ÀS 20,06 ÀS 20,DOMINGOS E FERIADOS,-,VANESSA FILIPE,OLIVEIRA JUNIOR
,,,,VD367,ATIVA,DSP SHOPPING BARUERI,367.0,"R GENERAL DE D P R DA SILVA, 400 LOJA1 1013",NOVA ALDEINHA,BARUERI,SP,06440-180,(11)4688-6595,(11)4688-6596,(11)93071-5733,shopbarueri@dpsp.com.br,10 ÀS 22,10 ÀS 22,11 ÀS 20,DOMINGOS E FERIADOS,-,CESAR MENDONCA - INTERINO,OLIVEIRA JUNIOR
,,,,L2237,ATIVA,DSP SHOPPING FREI CANECA,2237.0,"R FREI CANECA, 569/ TERREOLOJA 141/142/143/144",CONSOLACAO,SAO PAULO,SP,01307-001,(11)4858-7540,4858-7547,(11)96864-9042,Frei.caneca@dpsp.com.br,08 ÀS 22,08 ÀS 22,08 ÀS 22,DOMINGOS E FERIADOS,-,FABIO FREITAS,OLIVEIRA JUNIOR
,,,,VD264,ATIVA,DSP SHOPPING HIGIENOPOLIS,264.0,AV HIGIENOPOLIS   646 - LOJA 141 E 142,HIGIENOPOLIS,SAO PAULO,SP,01238-000,(11)3666-9592,(11)3666-1160,(11)97450-3187,shophigienopolis@dpsp.com.br,07 ÀS 23,07 ÀS 23,08 ÀS 22,DOMINGOS E FERIADOS,-,BEATRIZ SOUZA,OLIVEIRA JUNIOR
,,,,VD337,ATIVA,DSP SHOPPING HIGIENOPOLIS II,337.0,"AV HIGIENOPOLIS, 618 LOJA 3023",HIGIENOPOLIS,SAO PAULO,SP,01238-000,(11)3823-2506,3823-2507,(11)97477-2711,shophigienopolis2@dpsp.com.br,10 ÀS 23,10 ÀS 23,12 ÀS 22,DOMINGOS E FERIADOS,-,BEATRIZ SOUZA,OLIVEIRA JUNIOR
,,,,VD470,ATIVA,DSP SHOPPING IBIRAPUERA I,470.0,AV IBIRAPUERA N 3103  NIVEL JURUPIS  LJS 102 103 E 104,INDIANOPOLIS,SAO PAULO,SP,04029-000,(11)5561-9613,5041-0978,(11)91031-1541,shopibirapuera@dpsp.com.br,10 ÀS 22,10 ÀS 22,11 ÀS 22,DOMINGOS E FERIADOS,-,ANTONIO MARCOS,OLIVEIRA JUNIOR
,,,,VD484,ATIVA,DSP SHOPPING IBIRAPUERA II,484.0,AV IBIRAPUERA N 3103 SUC 207 E 208  PISO,CAMPO BELO,SAO PAULO,SP,04029-000,(11)5094-0279,5093-1272,(11)91039-4800,shopibirapuera2@dpsp.com.br,10 ÀS 22,10 ÀS 22,11 ÀS 22,DOMINGOS E FERIADOS,-,ANTONIO MARCOS,OLIVEIRA JUNIOR
,,,,L2242,ATIVA,DSP SHOPPING JARDIM SUL,2242.0,"AV GIOVANNI GRONCHI, 5819",VILA ANDRADE,SAO PAULO,SP,05724-900,(11)3501-6733,3743-4356 ,(11)95782-8326,shopping.jardim@dpsp.com.br,09 ÀS 22,09 ÀS 22,10 ÀS 21,DOMINGOS E FERIADOS,-,FERNANDA PEREIRA,OLIVEIRA JUNIOR
,,,,VD411,ATIVA,DSP SHOPPING MORUMBI,411.0,AV ROQUE PETRONI JUNIOR N 1089  LJ96,MORUMBI,SAO PAULO,SP,04707-000,(11)5181-7824,(11)5181-3512,(11)97417-3582,shopmorumbi@dpsp.com.br,10 ÀS 22,10 ÀS 22,11 ÀS 21,DOMINGOS E FERIADOS,-,ANA SANTOS,OLIVEIRA JUNIOR
,,,,VD265,ATIVA,DSP SHOPPING NACOES UNIDAS,265.0,"AV DAS NACOES UNIDAS, 12901",BROOKLIN PAULISTA,SAO PAULO,SP,04578-000,(11)5505-7055,(11)5505-9657,(11)97463-9667,shopnacoesunidas@dpsp.com.br,08 ÀS 20,NÃO ABRE,NÃO ABRE,CONVENCIONAL,-,ANA SANTOS,OLIVEIRA JUNIOR
,,,,VD481,ATIVA,DSP SHOPPING OSASCO PLAZA,481.0,RUA TENENTE AVELAR PIRES DE AZEVEDO  N 81 LJS 208 E 20,CENTRO,OSASCO,SP,06016-060,(11)3654-1357,3681-1930,(11)91037-4942,shopoplaza@dpsp.com.br,07 ÀS 23,10 ÀS 22,11 ÀS 21,DOMINGOS E FERIADOS,-,BRUNA PANHOTA,OLIVEIRA JUNIOR
,,,,VD441,ATIVA,DSP SHOPPING PAULISTA,441.0,RUA TREZE DE MAIO N  1947 ARCOS 115 16 17 18,BELA VISTA,SAO PAULO,SP,01327-001,(11)3284-0271,3171-1558,(11)94227-7167,shoppaulista@dpsp.com.br,10 ÀS 22,10 ÀS 22,11 ÀS 21,DOMINGOS E FERIADOS,-,FABIO FREITAS,OLIVEIRA JUNIOR
,,,,VD461,ATIVA,DSP SHOPPING PLAZA SUL,461.0,"PC LEONOR KAUPA ,100 EUC 178/179/180",BOSQUE DA SAUDE,SAO PAULO,SP,04151-100,(11)5058-8043,5058-3626,(11)91021-9879,shopplazasul@dpsp.com.br,10 ÀS 22,10 ÀS 22,10 ÀS 22,DOMINGOS E FERIADOS,-,ANDRE RAMOS,OLIVEIRA JUNIOR
,,,,VD272,ATIVA,DSP SHOPPING SANTA CRUZ,272.0,"RUA DOMINGOS DE MORAES,  2564 - LOJA L6/T",SANTA CRUZ,SAO PAULO,SP,04036-100,(11)5081-3203,5081-2618,(11)91027-2553,shopscruz@dpsp.com.br,06 ÀS 23,06 ÀS 23,06 ÀS 23,DOMINGOS E FERIADOS,-,ANDRE RAMOS,OLIVEIRA JUNIOR
,,,,VD339,ATIVA,DSP SHOPPING TAMBORE,339.0,"AVENIDA PIRACEMA, 669 LOJA 400 C PISO TERREO",TAMBORE,BARUERI,SP,06460-030,(11)4191-2258,(11)4191-0984,(11)96410-9079,shoptambore@dpsp.com.br,10 ÀS 22,10 ÀS 22,10 ÀS 20,DOMINGOS E FERIADOS,-,CESAR MENDONCA - INTERINO,OLIVEIRA JUNIOR
,,,,VD514,ATIVA,DSP SHOPPING UNIAO II,514.0,AVENIDA DOS AUTONOMISTAS 1400  LOJA 111,VILA YARA,OSASCO,SP,06020-010,(11)3685-3194,3683-2884,(11)99611-5404,shopuniao2@dpsp.com.br,09 ÀS 22:20,09 ÀS 22:20,10 ÀS 21:20,DOMINGOS E FERIADOS,-,BRUNA PANHOTA,OLIVEIRA JUNIOR
,,,,VD517,ATIVA,DSP SHOPPING VILA OLIMPIA,517.0,RUA DAS OLIMPIADAS 360,VILA OLIMPIA,SAO PAULO,SP,04551-000,(11)3047-6143,3045-4117,(11)91029-4976,shopvolimpia@dpsp.com.br,10 ÀS 22,10 ÀS 22,10 ÀS 22,DOMINGOS E FERIADOS,-,MARIA IRACEMA,OLIVEIRA JUNIOR
,,,,VD266,ATIVA,DSP SHOPPING VILLA LOBOS,266.0,AV NACOES UNIDAS - 4.777 - LOJA 170 171,PINHEIROS,SAO PAULO,SP,05310-000,(11)3022-3761,3021-1896,(11)97109-0468,shopvlobos@dpsp.com.br,10 ÀS 22,10 ÀS 22,10 ÀS 22,DOMINGOS E FERIADOS,-,CESAR MENDONCA,OLIVEIRA JUNIOR
,,,,VD447,ATIVA,DSP SHOPPING WEST PLAZA II,447.0,AV ANTARTICA N  380   ARCO 1103  TERREO BLOCO A,AGUA BRANCA,SAO PAULO,SP,05003-020,(11)3673-9617,3862-3539,(11)95671-4301,shopwplaza2@dpsp.com.br,09 ÀS 22,09 ÀS 22,12 ÀS 20,DOMINGOS E FERIADOS,-,BEATRIZ SOUZA,OLIVEIRA JUNIOR
,,,,VD429,ATIVA,DSP SUMARE II,429.0,"AVENIDA SUMARÉ, 658",PERDIZES,SAO PAULO,SP,05016-090,(11)3862-1644,3675-3509,(11)99523-3727,sumare2@dpsp.com.br,24 HORAS,24 HORAS,24 HORAS,24 HORAS,-,BEATRIZ SOUZA,OLIVEIRA JUNIOR
,,,,L2010,ATIVA,DSP SUMARE III,2010.0,"AVENIDA SUMARE, 16",PERDIZES,SAO PAULO,SP,05016-090,(11)3673-1342,3675-8605,(11)99639-9442,sumare3@dpsp.com.br,24 HORAS,24 HORAS,24 HORAS,24 HORAS,-,BEATRIZ SOUZA,OLIVEIRA JUNIOR
,,,,L2039,ATIVA,DSP SUMARE IV,2039.0,"Avenida Sumaré, 1267 1297",PERDIZES,SAO PAULO,SP,05016-110,(11)2532-1984,2532-2332,(11)99711-6146,sumare4@dpsp.com.br,07 ÀS 23,07 ÀS 23,07 ÀS 23,DOMINGOS E FERIADOS,-,BEATRIZ SOUZA,OLIVEIRA JUNIOR
,,,,VD969,ATIVA,DSP TABAPUA,969.0,"RUA TABAPUA, 1463",ITAIM BIBI,SAO PAULO,SP,04533-014,(11)2306-2795,2306-2598,(11)91027-2163,tabapua@dpsp.com.br,24 HORAS,24 HORAS,24 HORAS,24 HORAS,-,MARIA IRACEMA,OLIVEIRA JUNIOR
,,,,VD922,ATIVA,DSP TAMBORE,922.0,"AL ARAGUAIA, 3207 LOJA 1 A",ALPHAVILLE INDUSTRIAL,BARUERI,SP,06455-000,(11)4191-8599,(11)4191-8465,(11)97237-3443,tambore@dpsp.com.br,07 ÀS 23,07 ÀS 23,07 ÀS 23,DOMINGOS E FERIADOS,-,CESAR MENDONCA - INTERINO,OLIVEIRA JUNIOR
,,,,L2503,ATIVA,DSP TAMBORE II,2503.0,AV MARCOS PENT DE ULHOA ROD,TAMBORE,SANTANA DE PARNAIBA,SP,06543-001,(11) 4870-4396,(11) 4870-4395,(11)94211-0064,tambore2@dpsp.com.br,24 HORAS,24 HORAS,24 HORAS,24 HORAS,-,CESAR MENDONCA - INTERINO,OLIVEIRA JUNIOR
,,,,L2616,ATIVA,DSP TAMBORE III,2616.0,"AV ALBERTO BYINGTON, 21",CIDADE TAMBORE,SANTANA DE PARNAIBA,SP,06537-470,-,-,-,tambore3@dpsp.com.br,07 ÀS 23,07 ÀS 23,07 ÀS 23,DOMINGOS E FERIADOS,-,CESAR MENDONCA - INTERINO,OLIVEIRA JUNIOR
,,,,VD145,ATIVA,DSP TRIANON,145.0,"AV. PAULISTA , 1227 L 01",BELA VISTA,SAO PAULO,SP,01311-200,(11)3288-8061,(11)3284-9182,(11)95308-3400,trianon@dpsp.com.br,24 HORAS,24 HORAS,24 HORAS,24 HORAS,-,FABIO FREITAS,OLIVEIRA JUNIOR
,,,,VD919,ATIVA,DSP VEIGA FILHO,919.0,"Rua Conselheiro Brotero, 1469  Loja 01",SANTA CECÍLIA,SAO PAULO,SP,01232-011,(11)3666-3712,3661-0130,(11)99642-1823,veigafilho@dpsp.com.br,24 HORAS,24 HORAS,24 HORAS,24 HORAS,-,BEATRIZ SOUZA,OLIVEIRA JUNIOR
,,,,VD617,ATIVA,DSP VERBO DIVINO,617.0,"R VERBO DIVINO, 986 - CENTRO COMERCIAL 04",CHACARA SANTO ANTONIO,SAO PAULO,SP,04719-001,(11)5184-0312,(11)5183-3656,(11)97583-8842,vdivino@dpsp.com.br,07 ÀS 23,07 ÀS 23,07 ÀS 23,DOMINGOS E FERIADOS,-,ANA SANTOS,OLIVEIRA JUNIOR
,,,,L2013,ATIVA,DSP VERGUEIRO,2013.0,"R VERGUEIRO, 4052",VILA MARIANA,SAO PAULO,SP,04102-002,(11)2532-7692,2532-7703,(11)97468-2852,vergueiro@dpsp.com.br,24 HORAS,24 HORAS,24 HORAS,24 HORAS,-,VANESSA FILIPE,OLIVEIRA JUNIOR
,,,,VD132,ATIVA,DSP VICENTE RAO,132.0,"R. DR. ADEMAR QUEIROZ DE MORAIS, 1001-A",VILA  CARMEN,SAO PAULO,SP,04623-060,(11)5543-8938,(11)5543-0205,(11)97531-4345,vrao@dpsp.com.br,07 ÀS 00,07 ÀS 00,07 ÀS 00,DOMINGOS E FERIADOS,-,ANA SANTOS,OLIVEIRA JUNIOR
,,,,VD253,ATIVA,DSP VIEIRA DE MORAES,253.0,"RUA VIEIRA DE MORAES, 362",CAMPO BELO,SAO PAULO,SP,4617-000,(11)5533-3006,(11)5096-1565,(11)97494-4902,vmoraes@dpsp.com.br,07 ÀS 23,07 ÀS 23,07 ÀS 23,DOMINGOS E FERIADOS,-,ANA SANTOS,OLIVEIRA JUNIOR
,,,,VD283,ATIVA,DSP VIEIRA DE MORAES II,283.0,"Rua Vieira de Moraes, 1377",CAMPO BELO,SAO PAULO,SP,04617-014,(11)2305-2892,(11)2305-2899,(11)99561-0211,vmoraes2@dpsp.com.br,24 HORAS,24 HORAS,24 HORAS,24 HORAS,-,ANA SANTOS,OLIVEIRA JUNIOR
,,,,VD600,ATIVA,DSP VILA ANDRADE,600.0,"AV GIOVANNI GRONCHI, 6700",VILA ANDRADE,SAO PAULO,SP,05724-002,(11)3741-0973,3742-1838,(11)94361-0312,vandrade@dpsp.com.br,24 HORAS,24 HORAS,24 HORAS,24 HORAS,-,FERNANDA PEREIRA,OLIVEIRA JUNIOR
,,,,VD982,ATIVA,DSP VILA ANDRADE II,982.0,"RUA DEPUTADO JOAO SUSSUMU HIRATA, 615",VILA ANDREADE,SAO PAULO,SP,05715-010,(11)2306-8394,2306-8419,(11)97393-3216,vandrade2@dpsp.com.br,07 ÀS 23,07 ÀS 23,07 ÀS 23,DOMINGOS E FERIADOS,-,FERNANDA PEREIRA,OLIVEIRA JUNIOR
,,,,VD247,ATIVA,DSP VILA BEATRIZ,247.0,"R JUDITE, 109 LOJA 01",VILA BEATRIZ,SAO PAULO,SP,05455-060,(11)3037-7280,3037-7442,(11)97118-3475,vbeatriz@dpsp.com.br,07 ÀS 23,07 ÀS 23,07 ÀS 23,DOMINGOS E FERIADOS,-,CESAR MENDONCA,OLIVEIRA JUNIOR
,,,,VD088,ATIVA,DSP VILA CLEMENTINO,88.0,"R. PEDRO DE TOLEDO, 763",VILA CLEMENTINO,SAO PAULO,SP,04039-032,(11)5549-9647,(11)5571-5663,(11)91033-5256,vclementino@dpsp.com.br,24 HORAS,24 HORAS,24 HORAS,24 HORAS,-,ANTONIO MARCOS,OLIVEIRA JUNIOR
,,,,VD741,ATIVA,DSP VILA CLEMENTINO II,741.0,"AV ONZE DE JUNHO, 473",VILA CLEMENTINO,SAO PAULO,SP,04041-051,(11)5083-8566,5539-0035,(11)91035-6520,vilaclementino2@dpsp.com.br,07 ÀS 23,07 ÀS 23,07 ÀS 23,DOMINGOS E FERIADOS,-,ANTONIO MARCOS,OLIVEIRA JUNIOR
,,,,VD702,ATIVA,DSP VILA CLEMENTINO III,702.0,"RUA LOEFGREN, 848 850 E 860",VILA CLEMENTINO,SAO PAULO,SP,04040-000,(11)2532-6152,2532-4235,(11)91038-3552,vilaclementino3@dpsp.com.br,07 ÀS 23,07 ÀS 23,07 ÀS 23,DOMINGOS E FERIADOS,-,ANDRE RAMOS,OLIVEIRA JUNIOR
,,,,L2097,ATIVA,DSP VILA CLEMENTINO IV,2097.0,"Av. Dr. Altino Arantes, 307",Vila Clementino,SAO PAULO,SP,04042-032,(11)5071-9256,5071-9380,(11)91035-0187,v.clementino4@dpsp.com.br,07 ÀS 23,07 ÀS 23,07 ÀS 23,DOMINGOS E FERIADOS,-,ANTONIO MARCOS,OLIVEIRA JUNIOR
,,,,VD174,ATIVA,DSP VILA DOS REMEDIOS,174.0,"AV. DOS REMEDIOS, 649",VL. DOS REMEDIOS,OSASCO,SP,06298-004,(11)3696-8422,3696-8630,(11)91037-3494,vremedios@dpsp.com.br,24 HORAS,24 HORAS,24 HORAS,24 HORAS,-,BRUNA PANHOTA,OLIVEIRA JUNIOR
,,,,VD214,ATIVA,DSP VILA LEOPOLDINA,214.0,"RUA CARLOS WEBER, 375",VILA LEOPOLDINA,SAO PAULO,SP,05087-000,(11)3831-4702,3834-2624,(11)95058-7012,vleopoldina@dpsp.com.br,24 HORAS,24 HORAS,24 HORAS,24 HORAS,-,CESAR MENDONCA,OLIVEIRA JUNIOR
,,,,VD019,ATIVA,DSP VILA MADALENA,19.0,"R. TEODORO SAMPAIO, 2014",PINHEIROS,SAO PAULO,SP,05406-150,(11)3815-8829,(11)3813-6421,(11)93447-7512,vmadalena@dpsp.com.br,07 ÀS 23,07 ÀS 23,07 ÀS 23,DOMINGOS E FERIADOS,-,MARIA IRACEMA,OLIVEIRA JUNIOR
,,,,VD070,ATIVA,DSP VILA MARIANA,70.0,"R. DOMINGOS DE MORAES, 418 e 424",VILA MARIANA,SAO PAULO,SP,04010-000,(11)5579-3694,(11)5539-3813,(11)99928-7747,vmariana@dpsp.com.br,24 HORAS,24 HORAS,24 HORAS,24 HORAS,-,VANESSA FILIPE,OLIVEIRA JUNIOR
,,,,VD989,ATIVA,DSP VILA MARIANA II,989.0,Avenida Conselheiro Rodrigues Alves 484 494 496-496 A,Vila Mariana,SAO PAULO,SP,04014-001,(11)5082-2234,5083-2549,(11)99875-5481,vmariana2@dpsp.com.br,07 ÀS 23,07 ÀS 23,07 ÀS 23,DOMINGOS E FERIADOS,-,VANESSA FILIPE,OLIVEIRA JUNIOR
,,,,VD255,ATIVA,DSP VILA NOVA CONCEICAO,255.0,"RUA BALTHAZAR DA VEIGA,  284",VILA NOVA CONCEICAO,SAO PAULO,SP,04510-000,(11)3846-0044,3842-3214,(11)91026-3615,vnconceicao@dpsp.com.br,24 HORAS,24 HORAS,24 HORAS,24 HORAS,-,MARIA IRACEMA,OLIVEIRA JUNIOR
,,,,VD998,ATIVA,DSP VILA NOVA CONCEICAO II,998.0,"Avenida Santo Amaro, 1207 E 1215",VILA NOVA CONCEIÇÃO,SAO PAULO,SP,04505-001,(11)3842-5141,3045-1172,(11)91026-3565,vnconceicao2@dpsp.com.br,07 ÀS 23,07 ÀS 23,07 ÀS 23,DOMINGOS E FERIADOS,-,MARIA IRACEMA,OLIVEIRA JUNIOR
,,,,L2096,ATIVA,DSP VILA OSASCO,2096.0,"AV SANTO ANTONIO, 1190",VILA OSASCO,OSASCO,SP,06083-200,(11)3370-4427,3480-0249,(11)91034-4756,v.osasco@dpsp.com.br,24 HORAS,24 HORAS,24 HORAS,24 HORAS,-,BRUNA PANHOTA,OLIVEIRA JUNIOR
,,,,L2095,ATIVA,DSP VILA ROMANA I,2095.0,"R CLELIA, 1547",AGUA BRANCA,SAO PAULO,SP,05042-000,(11)3873-5799,3875-3691 ,(11)94322-3523,vila.romana@dpsp.com.br,24 HORAS,24 HORAS,24 HORAS,24 HORAS,-,CESAR MENDONCA,OLIVEIRA JUNIOR
,,,,L2183,ATIVA,DSP VILA ROMANA II,2183.0,R CLAUDIO,AGUA BRANCA,SAO PAULO,SP,05043-000,(11)3864-9431,3864-9542,(11)97417-4437,vila.romana2@dpsp.com.br,07 ÀS 23,07 ÀS 23,07 ÀS 23,DOMINGOS E FERIADOS,-,CESAR MENDONCA,OLIVEIRA JUNIOR
,,,,VD626,ATIVA,DSP VILA SAO FRANCISCO,626.0,"AV DOUTOR CANDIDO MOTTA FILHO, 670 680",CIDADE SAO FRANCISCO,SAO PAULO,SP,05351-000,(11)3714-4593,3714-0417,(11)91037-4225,vsfrancisco@dpsp.com.br,24 HORAS,24 HORAS,24 HORAS,24 HORAS,-,BRUNA PANHOTA,OLIVEIRA JUNIOR
,,,,VD827,ATIVA,DSP VILA SONIA,827.0,"R DAVID BEN GURION, 1001 LOJA 01 02 03 E 04 ESCRITORIO",JARDIM MONTE KEMEL,SAO PAULO,SP,05634-001,(11)3744-4159,3744-4162,(11)94214-7351,vilasonia@dpsp.com.br,07 ÀS 23,07 ÀS 23,07 ÀS 23,DOMINGOS E FERIADOS,-,FERNANDA PEREIRA,OLIVEIRA JUNIOR
,,,,L2282,ATIVA,DSP VILA SONIA II,2282.0,"AV PROF FRANCISCO MORATO,2878",BUTANTA,SAO PAULO,SP,05512-300,(11)2924-8527,2924-8503,(11)95692-6543,vila.sonia2@dpsp.com.br,07 ÀS 23,07 ÀS 23,07 ÀS 23,DOMINGOS E FERIADOS,-,FERNANDA PEREIRA,OLIVEIRA JUNIOR
,,,,VD475,ATIVA,DSP VILABOIM,475.0,PRACA VILABOIM NS 64 E 58 LJS01 E 02,HIGIENOPOLIS,SAO PAULO,SP,01241-010,(11)3826-2783,3666-9311,(11)99522-0129,vboim@dpsp.com.br,07 ÀS 23,07 ÀS 23,07 ÀS 23,DOMINGOS E FERIADOS,-,BEATRIZ SOUZA,OLIVEIRA JUNIOR
,,,,L2015,ATIVA,DSP VILLA LOBOS (MATRIZ),2015.0,AVENIDA MANUEL BANDEIRA,VILA LEOPOLDINA,SAO PAULO,SP,05317-020,(11)3642-1305,3642-1312,(11)93244-4107,vlobos@dpsp.com.br,07 ÀS 20,NÃO ABRE,NÃO ABRE,CONVENCIONAL,-,CESAR MENDONCA,OLIVEIRA JUNIOR
,,,,VD185,ATIVA,DSP VITAL BRASIL,185.0,"AV DOUTOR VITAL BRASIL, 1250 LOJA 02",BUTANTA,SAO PAULO,SP,05503-000,(11)3726-7059,3726-2817,(11)97568-7924,vbrasil@dpsp.com.br,07 ÀS 23,07 ÀS 23,07 ÀS 23,DOMINGOS E FERIADOS,-,BRUNA PANHOTA,OLIVEIRA JUNIOR
